{"Train Loss":28.703242100284257,"Validation Accuracy":3.3,"Validation Loss":4.932539731833585,"_timestamp":1.7425813281017754e+09,"_runtime":1282.370786939,"_step":0,"Train Accuracy":2.055,"_wandb":{"runtime":1294}}