{"_runtime":1.168473396,"_wandb":{"runtime":1},"_step":7,"acc":0.8016301671335264,"loss":0.19810334239959498,"_timestamp":1.7423322032685392e+09}