{"Validation Loss":4.79991322110413,"_timestamp":1.742577615733993e+09,"_runtime":2684.166152937,"_wandb":{"runtime":2684},"_step":1,"Train Accuracy":4.244,"Train Loss":4.918585891381945,"Validation Accuracy":5.37}